충전구분,충전소명,주소
급속,영등포전력지사,서울특별시 영등포구 경인로 878
완속,영등포전력지사,서울특별시 영등포구 경인로 878
급속,명일동 공영주차장,서울특별시 강동구 구천면로 395
완속,송파파크데일1단지 아파트,서울특별시 송파구 마천동 성내천로37길 37
급속,송파구청,서울특별시 송파구 신천동 29-5 송파구청 앞
급속,송파삼성래미안,서울특별시 송파구 송파동 오금로32길 14
급속,가락2동 주민센터,서울특별시 송파구 가락동 154
급속,강동송파지사,서울특별시 강동구 둔촌동 522-9
완속,강일리버파크3단지,서울특별시 강동구 강일동 아리수로93길 40
급속,가락시장,서울특별시 송파구 양재대로 932
완속,신성둔촌미소지움아파트 입주자대표회의,서울특별시 강동구 둔촌동 명일로 102
완속,갤러리아팰리스,서울특별시 송파구 잠실동 40
완속,송파꿈에그린(위례24단지),서울특별시 송파구 장지동 516
급속,천호1동 공영주차장,서울특별시 강동구 구천면로 42길 60
완속,레이크팰리스,서울특별시 송파구 잠실동 잠실로 88
완속,리센츠 아파트,서울특별시 송파구 올림픽로 135
완속,성내삼성 아파트,서울특별시 강동구 성내동 풍성로 128
완속,강동헤르셔,서울특별시 강동구 천호동 천호대로 1089
완속,거여4단지 아파트,서울특별시 송파구 거여동 양산로4길 8
급속,거여2동 주민센터,서울특별시 송파구 거여동 195-1
급속,송파더센트레,서울특별시 송파구 위례광장로 163
급속,한국광고문화회관,서울특별시 송파구 신천동 7-11
완속,삼익가든아파트,서울특별시 강동구 명일동 260-1
완속,송파삼성래미안,서울특별시 송파구 송파동 오금로32길 14
급속,레이크팰리스,서울특별시 송파구 잠실동 잠실로 88
완속,고덕아이파크,서울특별시 강동구 고덕동 동남로79길 26
완속,가락쌍용1차 아파트,서울특별시 송파구 가락동 동남로 193
급속,송파파인타운6단지 아파트,서울특별시 송파구 충민로6길 14
완속,송파파인타운9단지,서울특별시 송파구 송파대로 8길 17
급속,풍납2동 주민센터,서울특별시 송파구 풍납동 403-11
완속,잠실롯데캐슬골드 아파트,서울특별시 송파구 신천동 올림픽로 269
완속,거여5단지 아파트,서울특별시 송파구 거여동 양산로4길 16
급속,리센츠 아파트,서울특별시 송파구 올림픽로 135
완속,고덕리엔파크3단지 아파트,서울특별시 강동구 상일로 74
급속,홈플러스 강동점,서울특별시 강동구 양재대로 1571
완속,송파성원상떼빌,서울특별시 송파구 가락동 송파대로28길 27
완속,위례스타힐스,서울특별시 송파구 장지동 위례광장로 215
완속,송파파인타운7단지,서울특별시 송파구 충민로 4길 19
급속,더샵스타리버 아파트,서울특별시 송파구 올림픽로35길 93
완속,성내1차이편한세상,서울특별시 강동구 천호대로168길 58
완속,대우한강베네시티 아파트,서울특별시 강동구 올림픽로 664
급속,송파파인타운9단지,서울특별시 송파구 송파대로 8길 17
급속,송파파크데일2단지,서울특별시 송파구 마천동 성내천로47길 38
급속,마천동1공영주차장,서울특별시 송파구 성내천로43길 6
완속,송파파인타운5단지,서울특별시 송파구 장지동 충민로4길 5
완속,송파파인타운6단지 아파트,서울특별시 송파구 충민로6길 14
완속,GS강동자이 아파트,서울특별시 강동구 천호대로 1239
급속,위례스타힐스,서울특별시 송파구 장지동 위례광장로 215
급속,삼전동 공영주차장,서울특별시 송파구 삼전동 175-8
완속,위례 포레샤인 23단지,서울특별시 송파구 장지동 380-1
완속,강일리버파크7단지 아파트,서울특별시 강동구 아리수로98길 25
완속,강일리버파크5단지,서울특별시 강동구 강일동 아리수로97길 20
급속,송파파크데일1단지 아파트,서울특별시 송파구 마천동 성내천로37길 37
급속,문정근린공원 공영주차장,서울특별시 송파구 문정로 지하 12
급속,송파성원상떼빌,서울특별시 송파구 가락동 송파대로28길 27
완속,잠실파크인수,서울특별시 송파구 백제고분로 187
완속,송파더센트레,서울특별시 송파구 위례광장로 163
완속,문정래미안아파트,서울특별시 송파구 문정동 문정로 83
급속,현대백화점 천호점,서울특별시 강동구 천호대로 1005
완속,거여1단지 아파트,서울특별시 송파구 거여동 양산로8길 8
급속,가락쌍용1차 아파트,서울특별시 송파구 가락동 동남로 193
급속,거여1단지 아파트,서울특별시 송파구 거여동 양산로8길 8
완속,잠실한양3차 아파트,서울특별시 송파구 방이동 양재대로 1089
급속,위례 포레샤인 23단지,서울특별시 송파구 장지동 380-1
급속,갤러리아팰리스,서울특별시 송파구 잠실동 40
완속,힐스테이트 강동리버뷰,서울특별시 강동구 올림픽로91길 30
급속,송파꿈에그린(위례24단지),서울특별시 송파구 장지동 516
완속,송파와이즈더샵,서울특별시 송파구 장지동 위례광장로 270
급속,강일리버파크5단지,서울특별시 강동구 강일동 아리수로97길 20
완속,둔촌푸르지오아파트,서울특별시 강동구 둔촌동 명일로 172
완속,송파파크데일2단지,서울특별시 송파구 마천동 성내천로47길 38
완속,성내동중앙하이츠,서울특별시 강동구 양재대로95길 53
급속,강일리버파크 6단지,서울특별시 강동구 강일동 아리수로94길 19
급속,송파공영주차장,서울특별시 송파구 백제고분로44길 13-25
급속,GS강동자이 아파트,서울특별시 강동구 천호대로 1239
완속,송파파인타운10단지,서울특별시 송파구 장지동 송파대로8길 20
완속,송파파인타운1단지아파트,서울특별시 송파구 장지동 833
급속,한강극동아파트,서울특별시 송파구 풍납동 토성로 38-6
완속,암펠로스타워,서울특별시 강동구 둔촌동 명일로 110
완속,한강극동아파트,서울특별시 송파구 풍납동 토성로 38-6
완속,길동삼익파크,서울특별시 강동구 길동 명일로 293
급속,성내삼성 아파트,서울특별시 강동구 성내동 풍성로 128
완속,고덕리엔파크1단지,서울특별시 강동구 상일로 152
급속,둔촌푸르지오아파트,서울특별시 강동구 둔촌동 명일로 172
급속,고덕리엔파크3단지 아파트,서울특별시 강동구 상일로 74
완속,풍납쌍용,서울특별시 송파구 풍납동 올림픽로47길 9
급속,길동삼익파크,서울특별시 강동구 길동 명일로 293
완속,강동송파지사,서울특별시 강동구 둔촌동 522-9
급속,고덕아이파크,서울특별시 강동구 고덕동 동남로79길 26
급속,강일리버파크3단지,서울특별시 강동구 강일동 아리수로93길 40
급속,명일한양아파트,서울특별시 강동구 명일동 동남로71길 19
급속,강동보건소,서울특별시 강동구 성내동 541-2
급속,거여4단지 아파트,서울특별시 송파구 거여동 양산로4길 8
급속,위례송파푸르지오 아파트,서울특별시 송파구 장지동 위례광장로 185
급속,거여5단지 아파트,서울특별시 송파구 거여동 양산로4길 16
급속,강일리버파크7단지 아파트,서울특별시 강동구 아리수로98길 25
급속,송파파인타운10단지,서울특별시 송파구 장지동 송파대로8길 20
급속,잠실롯데캐슬골드 아파트,서울특별시 송파구 신천동 올림픽로 269
완속,강일리버파크11단지,서울특별시 강동구 강일동 고덕로97길 100
급속,송파파인타운5단지,서울특별시 송파구 장지동 충민로4길 5
급속,강일리버파크10단지,서울특별시 강동구 강일동 고덕로97길 20
급속,한강현대 아파트,서울특별시 강동구 암사동 올림픽로104길 41
완속,암사라인 아파트,서울특별시 강동구 암사동 고덕로 53
완속,한강현대 아파트,서울특별시 강동구 암사동 올림픽로104길 41
급속,강동헤르셔,서울특별시 강동구 천호동 천호대로 1089
급속,신성둔촌미소지움아파트 입주자대표회의,서울특별시 강동구 둔촌동 명일로 102
완속,송파현대힐스테이트,서울특별시 송파구 풍납동 풍성로26길 31
완속,경보그레이스 힐,서울특별시 강동구 성내동 풍성로53길 40
급속,풍납쌍용,서울특별시 송파구 풍납동 올림픽로47길 9
급속,문정래미안아파트,서울특별시 송파구 문정동 문정로 83
급속,송파파인타운7단지,서울특별시 송파구 충민로 4길 19
완속,쌍용스윗닷홈 거여1차 아파트,서울특별시 송파구 오금로62길 10
완속,가락우성2차 아파트,서울특별시 송파구 가락동 중대로12길 35
완속,한강포스파크아파트,서울특별시 강동구 암사동 고덕로19길 30
급속,천호유수지,서울특별시 강동구 선사로 70
급속,송파도서관,서울특별시 송파구 동남로 263 
급속,강동아트센터(강동문화재단),서울특별시 강동구 동남로 870 
완속,문래힐스테이트,서울특별시 영등포구 문래동3가 문래로 82
완속,롯데캐슬엠파이어,서울특별시 영등포구 여의도동 의사당대로 127
완속,영등포아트자이 아파트,서울특별시 영등포구 도림동 도영로 66
급속,대림어린이공원 공영주차장,서울특별시 영등포구 대림동 870
완속,문래자이아파트,서울특별시 영등포구 문래동3가 당산로4길 12
급속,남서울직할(영등포)지사,서울특별시 영등포구 문래동3가 80
완속,신길경남 아파트,서울특별시 영등포구 영등포로 351
급속,남서울직할,서울특별시 영등포구 여의도동 21
완속,당산대우 아파트,서울특별시 영등포구 당산동2가 16-1
완속,국회의사당,서울특별시 영등포구 여의도동 1
완속,바다마을아파트,서울특별시 영등포구 신길동 가마산로 540
완속,신길뉴타운한화꿈에그린,서울특별시 영등포구 신길동 신길로 119
완속,보라매벚꽃마을아파트,서울특별시 영등포구 신길동 대방천로14길 34
급속,신길삼성래미안,서울특별시 영등포구 신길동 가마산로79길 7
완속,대림동현대3차 아파트,서울특별시 영등포구 대림동 608-1
급속,문래자이아파트,서울특별시 영등포구 문래동3가 당산로4길 12
완속,신길삼성래미안,서울특별시 영등포구 신길동 가마산로79길 7
완속,양평한신아파트,서울특별시 영등포구 양평동5가 76
급속,대림운동장 공영주차장,서울특별시 영등포구 대림동 780
완속,영등포레미안 아파트,서울특별시 영등포구 신길동 4945
완속,문래금호어울림 아파트,서울특별시 영등포구 문래동3가 97
급속,양평한신아파트,서울특별시 영등포구 양평동5가 76
완속,문래건영아파트,서울특별시 영등포구 문래동3가 93-1
완속,남서울직할,서울특별시 영등포구 여의도동 21
완속,남서울직할(영등포)지사,서울특별시 영등포구 문래동3가 80
급속,롯데캐슬엠파이어,서울특별시 영등포구 여의도동 의사당대로 127
급속,신길경남 아파트,서울특별시 영등포구 영등포로 351
급속,영등포레미안 아파트,서울특별시 영등포구 신길동 4945
급속,당산대우 아파트,서울특별시 영등포구 당산동2가 16-1
급속,영등포아트자이 아파트,서울특별시 영등포구 도림동 도영로 66
급속,대림동현대3차 아파트,서울특별시 영등포구 대림동 608-1
급속,당산근린지하공영주차장,서울특별시 영등포구 당산로27길 12 
급속,서울영등포우체국,서울특별시 영등포구 선유동2로 6 
급속,영등포구민회관,서울특별시 영등포구 국회대로 596 
급속,"여의도KBS (본관,신관)",서울 영등포구 여의공원로 13
완속,신정동일하이빌아파트1단지,서울특별시 양천구 신정로11길 20 
완속,방화5단지 아파트,서울특별시 강서구 방화동 금낭화로 287-19
완속,e편한세상염창,서울특별시 강서구 공항대로 583
완속,신정이펜하우스 2단지,서울특별시 양천구 신정이펜2로 55
완속,목동 현대하이페리온2아파트,서울특별시 양천구 목동 961
완속,부영그린타운2차,서울특별시 양천구 목동 908-28
완속,마곡힐스테이트,서울특별시 강서구 마곡동 725-1
급속,한국공항공사 서울,서울특별시 강서구 방화동 886
급속,서울에너지공사 주차장,서울특별시 양천구 목동 900
완속,마곡엠밸리3단지,서울특별시 강서구 마곡동 736
완속,방화동성아파트,서울특별시 강서구 방화동 금낭화로23길 8
완속,목동힐스테이트아파트,서울특별시 양천구 신정동 중앙로36길 15
완속,마곡수명산파크1단지,서울특별시 강서구 내발산동 742
완속,양천벽산블루밍 아파트,서울특별시 양천구 신월동 1026
급속,화곡초록 아파트,서울특별시 강서구 화곡동 1139
완속,마곡수명산파크3단지,서울특별시 강서구 내발산동 751
완속,마곡수명산파크8단지,서울특별시 강서구 수명로2길 108
완속,마곡엠밸리6단지,서울특별시 강서구 마곡동 743
완속,마곡엠밸리2단지,서울특별시 강서구 마곡동 마곡서1로 146
급속,강서양천지사,서울특별시 양천구 신정동 319-1
급속,마곡13단지 힐스테이트마스터,서울특별시 강서구 마곡동 748
완속,마곡수명산파크5단지,서울특별시 강서구 내발산동 749
급속,마곡수명산파크5단지,서울특별시 강서구 내발산동 749
급속,방화5단지 아파트,서울특별시 강서구 방화동 금낭화로 287-19
완속,목동트윈빌,서울특별시 양천구 목동 905-22
완속,마곡엠밸리11단지아파트,서울특별시 강서구 마곡동 공항대로 124
완속,마곡수명산파크6단지,서울특별시 강서구 내발산동 수명로2길 63
급속,마곡엠밸리3단지,서울특별시 강서구 마곡동 736
급속,목동2차우성아파트,서울특별시 양천구 신정동 337
급속,마곡힐스테이트,서울특별시 강서구 마곡동 725-1
급속,가로공원 공영주차장,서울특별시 양천구 신월동 263
급속,목동 현대하이페리온2아파트,서울특별시 양천구 목동 961
완속,마곡13단지 힐스테이트마스터,서울특별시 강서구 마곡동 748
급속,방화동부센트레빌,서울특별시 강서구 방화동 875
급속,마곡엠밸리6단지,서울특별시 강서구 마곡동 743
급속,마곡엠밸리8단지,서울특별시 강서구 마곡동 마곡서1로 81
급속,신정숲속마을아파트,서울특별시 양천구 신정동 1324
급속,목동힐스테이트아파트,서울특별시 양천구 신정동 중앙로36길 15
완속,푸른마을2단지,서울특별시 양천구 신정동 1281
완속,마곡수명산파크7단지,서울특별시 강서구 내발산동 수명로2가길 22
완속,강서한강자이아파트,서울특별시 강서구 가양동 양천로55길 55
완속,미주진로아파트,서울특별시 강서구 공항대로 351-21 
완속,목동삼성쉐르빌1,서울특별시 양천구 신정동 318-10
완속,염창힐스테이트 아파트,서울특별시 강서구 염창동 306
완속,목4동현대 아파트,서울특별시 양천구 목동 755-1
완속,한사랑2차삼성 아파트,서울특별시 강서구 공항대로59길 64
급속,강서한강자이아파트,서울특별시 강서구 가양동 양천로55길 55
완속,신월코아루1단지아파트,서울특별시 양천구 신월동 남부순환로56길 9
완속,우당 아파트,서울특별시 양천구 신월동 506-1
완속,강서양천지사,서울특별시 양천구 신정동 319-1
급속,신정뉴타운두산위브아파트,서울특별시 양천구 신월로20길 7
급속,푸른마을2단지,서울특별시 양천구 신정동 1281
급속,양천벽산블루밍 아파트,서울특별시 양천구 신월동 1026
급속,마곡수명산파크3단지,서울특별시 강서구 내발산동 751
급속,마곡수명산파크6단지,서울특별시 강서구 내발산동 수명로2길 63
완속,신월해주 아파트,서울특별시 양천구 신월동 217-8
급속,마곡수명산파크7단지,서울특별시 강서구 내발산동 수명로2가길 22
급속,서울남부출입국 외국인사무소,서울특별시 강서구 마곡서1로 48 
급속,목동트윈빌,서울특별시 양천구 목동 905-22
급속,목동삼성쉐르빌1,서울특별시 양천구 신정동 318-10
급속,마곡수명산파크1단지,서울특별시 강서구 내발산동 742
급속,마곡 이웰메디파크,서울특별시 강서구 마곡중앙4로 74 
급속,강서수도사업소,서울특별시 양천구 목동동로 155 
급속,등마루 공영주차장,서울특별시 양천구 목동중앙북로8다길 지하 4 
급속,한사랑2차삼성 아파트,서울특별시 강서구 공항대로59길 64
급속,방화동성아파트,서울특별시 강서구 방화동 금낭화로23길 8
급속,한국방송광고진흥공사,서울특별시 양천구 목동동로 233 
완속,신정동일하이빌아파트2단지,서울특별시 양천구 신정로11길 20 
급속,경창시장 고객주차장,서울특별시 양천구 월정로 46 
급속,한국공항공사 고객전용주차장,서울특별시 강서구 하늘길 78 
급속,강서경찰서 민원인주차장,서울특별시 강서구 화곡로 308 
급속,양천구청 지하주차장,서울특별시 양천구 목동동로 105 
급속,은천2단지 아파트,서울특별시 관악구 봉천동 인헌12길 46-1
급속,관악동작 견인차량 보관소,서울특별시 관악구 신사로 7
완속,이수힐스테이트,서울특별시 동작구 동작동 동작대로39길 22
완속,서울대입구아이원,서울특별시 관악구 봉천동 청룡길 78
급속,힐스테이트상도프레스티지,서울특별시 동작구 상도동 상도로 346-2
급속,대우신림2차푸르지오,서울특별시 관악구 신림동 난곡로 66
완속,상도대림 아파트,서울특별시 동작구 상도동 상도로60길 20
완속,보라매삼성 아파트,서울특별시 관악구 봉천동 보라매로 62
완속,은천2단지 아파트,서울특별시 관악구 봉천동 인헌12길 46-1
완속,상도파크자이,서울특별시 동작구 상도동 장승배기로 11
급속,관악동작지사,서울특별시 동작구 동작대로 19
완속,흑석한강센트레빌,서울특별시 동작구 흑석동 흑석한강로 2
완속,신림서초 아파트,서울특별시 관악구 신림동 호암로16길 5
완속,대방성원 아파트,서울특별시 동작구 대방동 여의대방로44길 9
급속,관악벽산블루밍,서울특별시 관악구 봉천동 은천로 93
완속,숲속마을신동아파밀리에,서울특별시 동작구 신대방동 여의대방로10길 100
완속,신대방현대 아파트,서울특별시 동작구 신대방동 여의대방로 28
완속,동작상떼빌 아파트,서울특별시 동작구 신대방동 신대방1가길 38
완속,신림쌍용 아파트,서울특별시 관악구 신림동 미성길 122
완속,사당롯데캐슬샤인,서울특별시 동작구 사당동 사당로27길 190
완속,봉천건영6차아파트,서울특별시 관악구 봉천동 1701
완속,신동아 아파트,서울특별시 관악구 신림동 신림로 11길 151
급속,상도파크자이,서울특별시 동작구 상도동 장승배기로 11
급속,동작상떼빌 아파트,서울특별시 동작구 신대방동 신대방1가길 38
완속,관악동작지사,서울특별시 동작구 동작대로 19
완속,신림 주공2단지,서울특별시 관악구 신림동 광신길 86
완속,관악동부센트레빌 아파트,서울특별시 관악구 봉천동 은천로33길 5
완속,대우유로카운티,서울특별시 동작구 상도동 양녕로 287
급속,이수힐스테이트,서울특별시 동작구 동작동 동작대로39길 22
급속,서울시여성가족재단,서울특별시 동작구 대방동 345-1
급속,서울대입구아이원,서울특별시 관악구 봉천동 청룡길 78
완속,힐스테이트상도프레스티지,서울특별시 동작구 상도동 상도로 346-2
급속,신림쌍용 아파트,서울특별시 관악구 신림동 미성길 122
완속,신림동부센트레빌,서울특별시 관악구 신림동 미성3길 16
완속,래미안상도3차아파트,서울특별시 동작구 대방동 상도로 53길 8
완속,청광 아파트,서울특별시 관악구 신림로3가길 45-24
완속,보라매아카데미타워 아파트,서울특별시 동작구 신대방동 보라매로5가길 16
급속,래미안상도3차아파트,서울특별시 동작구 대방동 상도로 53길 8
급속,관악동부센트레빌 아파트,서울특별시 관악구 봉천동 은천로33길 5
급속,신대방현대 아파트,서울특별시 동작구 신대방동 여의대방로 28
급속,상도래미안1차 아파트,서울특별시 동작구 상도동 등용로 37
급속,보라매삼성 아파트,서울특별시 관악구 봉천동 보라매로 62
완속,상도래미안1차 아파트,서울특별시 동작구 상도동 등용로 37
급속,대방성원 아파트,서울특별시 동작구 대방동 여의대방로44길 9
급속,흑석한강센트레빌,서울특별시 동작구 흑석동 흑석한강로 2
급속,관악구 평생학습관,서울특별시 관악구 남부순환로 1546 
급속,사당롯데캐슬샤인,서울특별시 동작구 사당동 사당로27길 190
급속,빙수골 장미주차장,서울특별시 동작구 국사봉16길 28 
급속,관악구 종합체육센타,서울특별시 관악구 낙성대로3길 37 
급속,대방중간집하장 공영주차장,서울특별시 동작구 노량진로 47 
완속,리첸시아방배,서울특별시 서초구 방배동 755-14
완속,서초네이처힐7단지,서울특별시 서초구 우면동 735
완속,서초네이처힐6단지,서울특별시 서초구 우면동 737
급속,서초지사,서울특별시 서초구 효령로 72길 60
완속,서초포레스타5단지,서울특별시 서초구 신원동 374
완속,래미안서초스위트 아파트,서울특별시 서초구 서초동 1301-6
완속,반포리체 아파트,서울특별시 서초구 반포동 30-26
급속,예술의 전당,서울특별시 서초구 서초동 산 130-19
완속,방배롯데캐슬아르떼,서울특별시 서초구 방배2동 428-19
급속,서초포레스타5단지,서울특별시 서초구 신원동 374
완속,서초롯데캐슬프레지던트,서울특별시 서초구 서초동 1681-8
완속,현대멤피스(A),서울특별시 서초구 방배동 774-19
완속,서초경남아너스빌201동,서울특별시 서초구 서초동 1456-2
완속,현대멤피스(B),서울특별시 서초구 방배동 772-13
완속,LH서초5단지,서울특별시 서초구 우면동 368-1
완속,서초호반써밋아파트,서울특별시 서초구 우면동 753
완속,방배동부센트레빌 아파트,서울특별시 서초구 방배동 3275
급속,서초힐스 아파트,서울특별시 서초구 우면동 773
완속,아크로리버파크,서울특별시 서초구 반포동 2-12
완속,서초더샵포레,서울특별시 서초구 내곡동 77
급속,서울시립어린이병원,서울특별시 서초구 내곡동 6-7
완속,LH서초4단지 아파트,서울특별시 서초구 우면동 788
급속,서초더샵포레,서울특별시 서초구 내곡동 77
완속,서초힐스 아파트,서울특별시 서초구 우면동 773
급속,서초호반써밋아파트,서울특별시 서초구 우면동 753
완속,삼창골든빌리지 입주자대표회의,서울특별시 서초구 반포동 동광로32길 7
완속,서초동일하이빌,서울특별시 서초구 서초동 1542-1
급속,신세계 강남점,서울특별시 서초구 반포동 19-3
완속,방배3차e편한세상,서울특별시 서초구 방배동 797-30
완속,서초2차e편한세상아파트,서울특별시 서초구 서초동 1529
완속,서초네이처힐1단지,서울특별시 서초구 우면동 707
완속,방배1차 e편한세상,서울특별시 서초구 방배동 884-2
급속,남서울농협 하나로마트 우면점,서울특별시 서초구 우면동 763
완속,롯데캐슬헤론,서울특별시 서초구 방배동 754-1
급속,반포미도아파트,서울특별시 서초구 반포동 60-4
완속,서초롯데캐슬84,서울특별시 서초구 서초동 1642-14
급속,서초네이처힐6단지,서울특별시 서초구 우면동 737
완속,방배아이파크 아파트,서울특별시 서초구 방배동 3277
급속,LH서초5단지,서울특별시 서초구 우면동 368-1
완속,방배롯데캐슬포레스트,서울특별시 서초구 방배동 844-1
완속,서초지사,서울특별시 서초구 효령로 72길 60
급속,롯데캐슬헤론,서울특별시 서초구 방배동 754-1
급속,반포리체 아파트,서울특별시 서초구 반포동 30-26
급속,국립 중앙도서관,서울특별시 서초구 반포동 산 94-1
급속,래미안서초스위트 아파트,서울특별시 서초구 서초동 1301-6
완속,서초아크빌,서울특별시 서초구 반포대로22길 86
완속,래미안서초7차 아파트,서울특별시 서초구 서초동 1642-34
완속,양재리본타워2단지아파트,서울특별시 서초구 양재동 212
급속,태남빌딩 주차장,서울특별시 서초구 잠원로3길 40
급속,반포동방음언덕형 공영주차장,서울특별시 서초구 주흥5길 20
급속,잠원동방음언덕형 공영주차장,서울특별시 서초구 잠원동 10-33
완속,서초리젠 아파트,서울특별시 서초구 서초동 1444-19
완속,현대ESA아파트,서울특별시 서초구 서초동 1338
급속,월드메르디앙 아파트,서울특별시 서초구 서초동 1549-3
급속,구룡공원 공영주차장,서울특별시 서초구 양재동 399
급속,동산마을 공영주차장,서울특별시 서초구 강남대로8길 77 
급속,대한무역투자진흥공사,서울특별시 서초구 헌릉로 13 
급속,방배복개도로 제2지역 공영주차장,서울특별시 서초구 동작대로 22-2 
급속,한국연구재단,서울특별시 서초구 헌릉로 25 
급속,양재하이브랜드,서울특별시 서초구 매헌로 16 
완속,강남아이파크,서울특별시 강남구 자곡동 자곡로 175
급속,타워팰리스1차,서울특별시 강남구 도곡동 언주로30길 56
완속,역삼래미안,서울특별시 강남구 역삼동 757
급속,역삼래미안,서울특별시 강남구 역삼동 757
완속,개나리푸르지오,서울특별시 강남구 역삼동 755-1
완속,개나리래미안 아파트,서울특별시 강남구 역삼동 역삼로 306
완속,세곡푸르지오아파트,서울특별시 강남구 세곡동 533
완속,래미안대치하이스턴 아파트,서울특별시 강남구 대치동 도곡로93길 12
완속,압구정하이츠파크,서울특별시 강남구 신사동 압구정로42길 78
완속,LH강남힐스테이트,서울특별시 강남구 자곡동 자곡로3길 21
완속,도곡렉슬 아파트,서울특별시 강남구 도곡동 선릉로 221
완속,타워팰리스G동,서울특별시 강남구 도곡동 언주로30길 26
완속,강남한양수자인,서울특별시 강남구 자곡동 자곡로 260
완속,강남데시앙파크,서울특별시 강남구 세곡동 헌릉로590길 63
급속,강남구청 공영주차장,서울특별시 강남구 삼성동 16-1
완속,강남한신휴플러스6단지 아파트,서울특별시 강남구 율현동 밤고개로26길 50
급속,대치2문화센터 공영주차장,서울특별시 강남구 영동대로65길 24
급속,LH서울지사,서울특별시 강남구 선릉로 121길 12
완속,청담파크파라곤,서울특별시 강남구 청담동 학동로97길 31
급속,가람아파트,서울특별시 강남구 일원동 일원로 127
급속,LH강남힐스테이트,서울특별시 강남구 자곡동 자곡로3길 21
급속,샘터마을 아파트,서울특별시 강남구 일원동 일원로 120
급속,강남세브란스 병원,서울특별시 강남구 언주로 211
급속,대치현대 아파트,서울특별시 강남구 대치동 삼성로64길 5
급속,도곡렉슬 아파트,서울특별시 강남구 도곡동 선릉로 221
급속,래미안강남힐즈,서울특별시 강남구 자곡동 자곡로 101
급속,강남아이파크,서울특별시 강남구 자곡동 자곡로 175
완속,세곡리엔파크3단지,서울특별시 강남구 세곡동 헌릉로590길 11
완속,래미안그레이튼,서울특별시 강남구 역삼동 도곡로43길 20
급속,타워팰리스G동,서울특별시 강남구 도곡동 언주로30길 26
완속,타워팰리스1차,서울특별시 강남구 도곡동 언주로30길 56
완속,삼성동힐스테이트2단지,서울특별시 강남구 삼성로 111길 8
완속,래미안강남힐즈,서울특별시 강남구 자곡동 자곡로 101
완속,청담래미안로이뷰,서울특별시 강남구 청담동 영동대로142길 16
완속,우정에쉐르 3차,서울특별시 강남구 영동대로85길 17
급속,아이파크삼성동,서울특별시 강남구 삼성동 영동대로 640
급속,강남한양수자인,서울특별시 강남구 자곡동 자곡로 260
완속,대치현대 아파트,서울특별시 강남구 대치동 삼성로64길 5
급속,헌릉로745길 노상주차장,서울특별시 강남구 율현동 101-13
완속,역삼2차아이파크아파트,서울특별시 강남구 역삼동 도곡로57길 12
급속,세곡리엔파크3단지,서울특별시 강남구 세곡동 헌릉로590길 11
완속,강남데시앙포레,서울특별시 강남구 수서동 광평로34길55
급속,청담자이 아파트,서울특별시 강남구 청담동 영동대로138길 12
완속,타워팰리스 2차,서울특별시 강남구 도곡동 언주로30길 57
완속,삼성동한일아파트,서울특별시 강남구 삼성동 48
완속,청담자이 아파트,서울특별시 강남구 청담동 영동대로138길 12
완속,역삼e-편한세상,서울특별시 강남구 역삼동 755-4
급속,개포7차 우성 아파트,서울특별시 강남구 일원동 개포로110길 15
급속,세곡리엔파크2단지 아파트,서울특별시 강남구 세곡동 헌릉로 590길10
완속,개포7차 우성 아파트,서울특별시 강남구 일원동 개포로110길 15
급속,세곡푸르지오아파트,서울특별시 강남구 세곡동 533
완속,삼성동현대아파트,서울특별시 강남구 삼성동 학동로64길 14
급속,래미안대치팰리스,서울특별시 강남구 대치동 삼성로51길 37
급속,래미안그레이튼,서울특별시 강남구 역삼동 도곡로43길 20
완속,강남한신휴 플러스8단지,서울특별시 강남구 율현동 밤고개로27길 20
완속,삼성우정에쉐르아파트,서울특별시 강남구 삼성동 3-8
완속,삼성중앙하이츠빌리지,서울특별시 강남구 삼성동 학동로68길 30
완속,삼성동 에스케이뷰 아파트,서울특별시 강남구 삼성동 봉은사로109길 14-8
완속,도성 아파트,서울특별시 강남구 삼성로67길 14
완속,아크로힐스논현,서울특별시 강남구 논현동 276-1
급속,타워팰리스 2차,서울특별시 강남구 도곡동 언주로30길 57
완속,래미안삼성1차,서울특별시 강남구 삼성동 103-22
급속,강남데시앙파크,서울특별시 강남구 세곡동 헌릉로590길 63
완속,현대까르띠에710아파트,서울특별시 강남구 역삼동 710
급속,도곡대림아크로빌,서울특별시 강남구 도곡동 언주로30길 13
급속,개나리래미안 아파트,서울특별시 강남구 역삼동 역삼로 306
완속,삼성파크 아파트,서울특별시 강남구 삼성동 삼성로99길 14
급속,아크로힐스논현,서울특별시 강남구 논현동 276-1
급속,삼성동힐스테이트2단지,서울특별시 강남구 삼성로 111길 8
완속,세곡리엔파크1단지,서울특별시 강남구 세곡동 508
완속,금호어울림 아파트(삼성동),서울특별시 강남구 삼성동 봉은사로111길 25
급속,래미안대치하이스턴 아파트,서울특별시 강남구 대치동 도곡로93길 12
급속,강남데시앙포레,서울특별시 강남구 수서동 광평로34길55
급속,강남한신휴플러스6단지 아파트,서울특별시 강남구 율현동 밤고개로26길 50
완속,라테라스삼성,서울특별시 강남구 삼성동 봉은사로 645
급속,역삼e-편한세상,서울특별시 강남구 역삼동 755-4
급속,공무원연금공단 서울지부(상록회관),서울특별시 강남구 언주로 508 
완속,개봉영화 아파트,서울특별시 구로구 개봉동 475
급속,금천구청 지상 주차장,서울특별시 금천구 시흥동 1020
완속,신도림동아1차 아파트,서울특별시 구로구 신도림로 87
급속,고척스카이돔,서울특별시 구로구 고척동 63-6
완속,천왕연지타운1단지,서울특별시 구로구 오류동 오류로 30
급속,구로구청 주차장,서울특별시 구로구 구로동 435
완속,오류푸르지오,서울특별시 구로구 오류동 346
완속,신구로자이 아파트,서울특별시 구로구 구로동 501
완속,구로삼성래미안,서울특별시 구로구 구로동 256-1
급속,고척근린공원 지하주차장,서울특별시 구로구 고척로 45길 39
급속,지식산업센터(동일테크노타운8차),서울특별시 금천구 범안로 17길 1
급속,신도림동아1차 아파트,서울특별시 구로구 신도림로 87
완속,항동하버라인3단지,서울특별시 구로구 항동 119-12
급속,고척파크푸르지오,서울특별시 구로구 고척동 339
급속,메이퀸 웨딩홀,서울특별시 금천구 독산동 152-1
완속,고척파크푸르지오,서울특별시 구로구 고척동 339
급속,구로아트밸리 지하1층,서울특별시 구로구 가마산로25길 21 
급속,고척벽산블루밍 아파트,서울특별시 구로구 고척동 경인로 390
급속,지식산업센터(대륭테크노타운2차),서울특별시 금천구 가산디지털1로 33-33
완속,신도림7차e-편한세상아파트,서울특별시 구로구 신도림동 신도림로 56-13
급속,개봉영화 아파트,서울특별시 구로구 개봉동 475
급속,구로4동 주택가 공동,서울특별시 구로구 구로동 741-44
완속,남서울힐스테이트아파트,서울특별시 금천구 시흥동 시흥대로 165
급속,롯데 아파트,서울특별시 구로구 구로동 1263
완속,고척벽산블루밍 아파트,서울특별시 구로구 고척동 경인로 390
완속,신도림 쌍용플래티넘노블,서울특별시 구로구 구로동 46-7
완속,천왕이펜하우스2단지,서울특별시 구로구 천왕동 천왕로 92
완속,구로중앙하이츠아파트,서울특별시 구로구 구로동로47길 24 
급속,구로삼성래미안,서울특별시 구로구 구로동 256-1
완속,롯데 아파트,서울특별시 구로구 구로동 1263
급속,구로아트밸리 지하2층,서울특별시 구로구 가마산로25길 21 
급속,남서울힐스테이트아파트,서울특별시 금천구 시흥동 시흥대로 165
완속,동아한신아파트,서울특별시 구로구 고척동 327
급속,천왕연지타운1단지,서울특별시 구로구 오류동 오류로 30
급속,동아한신아파트,서울특별시 구로구 고척동 327
완속,고척LIG리가 아파트,서울특별시 구로구 고척동 340
급속,고척LIG리가 아파트,서울특별시 구로구 고척동 340
완속,천왕이펜하우스4단지 아파트,서울특별시 구로구 천왕동 천왕로 29
완속,천왕이펜하우스5단지,서울특별시 구로구 천왕동 천왕로 10
완속,개봉대상아파트,서울특별시 구로구 개봉동 477
급속,오류푸르지오,서울특별시 구로구 오류동 346
급속,천왕이펜하우스5단지,서울특별시 구로구 천왕동 천왕로 10
급속,천왕이펜하우스2단지,서울특별시 구로구 천왕동 천왕로 92
급속,천왕이펜하우스4단지 아파트,서울특별시 구로구 천왕동 천왕로 29
급속,구로리공원,서울특별시 구로구 구로중앙로 13 
완속,경남1차 아파트,서울특별시 구로구 고척동 경인로47길 150
완속,근상프리즘아파트,서울특별시 구로구 구로동 1283
급속,하늘공원 공영주차장,서울특별시 구로구 벚꽃로 370 
완속,구로성호메이플라워,서울특별시 구로구 구로동 가마산로 283
급속,금나래체육문화센타,서울특별시 금천구 시흥대로79길 32 
완속,강남전력지사,서울특별시 서초구 서초동 1355
완속,장안힐스테이트 아파트,서울특별시 동대문구 장안동 장안벚꽃로1길 7
급속,배봉공영주차장,서울특별시 동대문구 망우로 18나길 20
급속,브라운스톤태릉 아파트,서울특별시 중랑구 묵동 공릉로18길 59
완속,휘경베스트빌현대,서울특별시 동대문구 휘경동 장안벚꽃로5길 19
완속,이문쌍용아파트,서울특별시 동대문구 이문동 한천로58길 47
급속,휘경주공1단지,서울특별시 동대문구 휘경동 한천로 248
급속,답십리래미안위브2블럭,서울특별시 동대문구 답십리로 130
완속,"면목두산2,3차 아파트",서울시 중랑구 면목로37길 58
급속,이문쌍용아파트,서울특별시 동대문구 이문동 한천로58길 47
완속,신내LG쌍용아파트,서울특별시 중랑구 상봉동 봉화산로 130
급속,전농sk 아파트,서울특별시 동대문구 전농동 사가정로 148
급속,면목3동 공영주차장,서울특별시 중랑구 면목동 1081-1
급속,브라운스톤휘경,서울특별시 동대문구 휘경동 망우로20길 86
급속,상봉우정 아파트,서울특별시 중랑구 상봉동 상봉중앙로1다길 21
급속,동대문중랑지사,서울특별시 중랑구 동일로 862
완속,"면목두산4,5단지 아파트",서울시 중랑구 면목로35길 63
급속,장안힐스테이트 아파트,서울특별시 동대문구 장안동 장안벚꽃로1길 7
급속,래미안엘파인 아파트,서울특별시 동대문구 답십리동 한천로37길 33
급속,"면목두산4,5단지 아파트",서울시 중랑구 면목로35길 63
완속,휘경주공1단지,서울특별시 동대문구 휘경동 한천로 248
급속,회기동 공영주차장,서울특별시 동대문구 회기동 1-1
완속,묵동자이2단지 아파트,서울특별시 중랑구 묵동 동일로 932
완속,래미안엘파인 아파트,서울특별시 동대문구 답십리동 한천로37길 33
완속,한일써너스빌 아파트,서울특별시 중랑구 상봉동 망우로 346
완속,면목두원 아파트,서울특별시 중랑구 면목동 동일로 483
완속,청솔우성,서울특별시 동대문구 전농로10길 20
급속,동일스위트리버,서울특별시 동대문구 한천로 300
완속,신내우디안1단지,서울특별시 중랑구 신내동 신내역로1길 85
완속,답십리래미안위브2블럭,서울특별시 동대문구 답십리로 130
완속,묵동자이1단지 아파트,서울특별시 중랑구 묵동 숙선옹주로 6-9
급속,한일써너스빌 아파트,서울특별시 중랑구 상봉동 망우로 346
완속,답십리래미안위브1블럭,서울특별시 동대문구 답십리로 130
급속,신내7단지진로아파트,서울특별시 중랑구 신내동 신내로17길 41
완속,중랑해모로 아파트,서울특별시 중랑구 망우동 양원역로 6
완속,신내건영1차 아파트,서울특별시 중랑구 봉화산로48길 62
급속,묵동자이2단지 아파트,서울특별시 중랑구 묵동 동일로 932
완속,상봉우정 아파트,서울특별시 중랑구 상봉동 상봉중앙로1다길 21
완속,동대문중랑지사,서울특별시 중랑구 동일로 862
급속,힐스테이트청계,서울특별시 동대문구 천호대로55길 11 
완속,중랑숲리가 아파트,서울특별시 중랑구 망우동 망우로75길 19
급속,휘경베스트빌현대,서울특별시 동대문구 휘경동 장안벚꽃로5길 19
급속,답십리래미안위브1블럭,서울특별시 동대문구 답십리로 130
급속,청솔우성,서울특별시 동대문구 전농로10길 20
완속,신내7단지진로아파트,서울특별시 중랑구 신내동 신내로17길 41
급속,묵동자이1단지 아파트,서울특별시 중랑구 묵동 숙선옹주로 6-9
급속,신내우디안1단지,서울특별시 중랑구 신내동 신내역로1길 85
급속,"면목두산2,3차 아파트",서울시 중랑구 면목로37길 58
급속,신내LG쌍용아파트,서울특별시 중랑구 상봉동 봉화산로 130
급속,태릉시장 중화공영주차장,서울특별시 중랑구 중랑역로 9 
급속,중랑숲리가 아파트,서울특별시 중랑구 망우동 망우로75길 19
급속,우림골목시장 주차장,서울특별시 중랑구 망우로62길 52-4 
급속,신내테크노타운,서울특별시 중랑구 봉화산로 123 
급속,청량리역사(한화역사),서울특별시 동대문구 왕산로 214 
완속,성수동아이파크 아파트,서울특별시 성동구 성수동2가 성수이로 137
완속,더샵스타시티 아파트,서울특별시 광진구 자양동 아차산로 262
급속,광진구청 주차장,서울특별시 광진구 자양로 117
급속,자양2동유수지 공영주차장,서울특별시 광진구 뚝섬로 52길 74
급속,뚝도충전소,서울특별시 광진구 자양3동 510-8
완속,리버그린동아 아파트,서울특별시 성동구 응봉동 고산자로4길 34
완속,광장힐스테이트 아파트,서울특별시 광진구 광장동 아차산로 537-17
완속,센트라스 2획지,서울특별시 성동구 왕십리로 410
급속,강변테크노마트 주차장,서울특별시 광진구 광나루로56길 85 
완속,e편한세상 금호파크힐스,서울특별시 성동구 금호동1가 금호로 140
완속,행당한진타운,서울특별시 성동구 행당동 행당로 82
완속,센트라스 1획지,서울특별시 성동구 하왕십리동 843
완속,금호자이1차,서울특별시 성동구 금호동2가 금호로 117
급속,성수동아이파크 아파트,서울특별시 성동구 성수동2가 성수이로 137
완속,뚝도충전소,서울특별시 광진구 자양3동 510-8
완속,강변테크노마트 주차장,서울특별시 광진구 광나루로56길 85 
급속,광장힐스테이트 아파트,서울특별시 광진구 광장동 아차산로 537-17
완속,센트라스 6획지,서울특별시 성동구 하왕십리동 674-1
급속,서울 새활용플라자,서울특별시 성동구 자동차시장길 49
급속,서울숲푸르지오 아파트,서울특별시 성동구 금호동4가 금호로 15
급속,리버그린동아 아파트,서울특별시 성동구 응봉동 고산자로4길 34
급속,한양대학교,서울특별시 성동구 왕십리로 222 
완속,센트라스 3획지,서울특별시 성동구 왕십리로 410
급속,금호자이1차,서울특별시 성동구 금호동2가 금호로 117
급속,장로회신학대학교,서울특별시 광진구 광장로5길 25-1
완속,구의삼성쉐르빌아파트,서울특별시 광진구 구의강변로 106 
급속,행당한진타운,서울특별시 성동구 행당동 행당로 82
완속,광진성동지사,서울특별시 성동구 마장로27길 13
급속,광진성동지사,서울특별시 성동구 마장로27길 13
급속,센트라스 2획지,서울특별시 성동구 왕십리로 410
급속,구의삼성쉐르빌상가,서울특별시 광진구 구의강변로 106 
완속,광진하우스토리한강,서울특별시 광진구 자양동 구의강변로1길 44
급속,서울숲M타워,서울특별시 성동구 뚝섬로1길 31 
완속,자양금강KCC 아파트,서울특별시 광진구 자양동 아차산로36길 13
급속,더샵스타시티 아파트,서울특별시 광진구 자양동 아차산로 262
급속,센트라스 3획지,서울특별시 성동구 왕십리로 410
급속,센트라스 1획지,서울특별시 성동구 하왕십리동 843
완속,성수2차대우 아파트,서울특별시 성동구 성수동1가 상원6길 16
급속,센트라스 6획지,서울특별시 성동구 하왕십리동 674-1
완속,자양10차현대홈타운,서울특별시 광진구 자양동 뚝섬로34길 25-19
급속,e편한세상 금호파크힐스,서울특별시 성동구 금호동1가 금호로 140
급속,서울숲SK V1 타워,서울특별시 성동구 성수일로8길 5 
급속,금호스포츠센터,서울특별시 성동구 금호로 20 
급속,뚝섬유수지 공영주차장,서울특별시 성동구 성수동1가 685-63번지
완속,창동3차현대아파트,서울특별시 도봉구 창동 도봉로 428
급속,중계주공4단지 아파트,서울특별시 노원구 중계동 덕릉로76길 29
완속,동아청솔아파트,서울특별시 도봉구 창동 노해로69길 103
급속,동아청솔아파트,서울특별시 도봉구 창동 노해로69길 103
급속,홈플러스 방학점,서울특별시 도봉구 도봉로 678
급속,중계경남롯데상아 아파트,서울특별시 노원구 섬밭로 265 
급속,노원구청,서울특별시 노원구 상계동 701-1
급속,서울과학기술대학교,서울특별시 노원구 공릉로 232
급속,창동주공19단지,서울특별시 도봉구 창동 노해로 403
급속,도봉구민회관,서울특별시 도봉구 도봉로 552 
급속,삼육대학교,서울특별시 노원구 화랑로 815
급속,창동쌍용 아파트,서울특별시 도봉구 창동 마들로 551
급속,창동주공18단지아파트,서울특별시 도봉구 노해로70길 126 
완속,창동2차현대아파트,서울특별시 도봉구 창동 도봉로136길 111
급속,창동대우아파트,서울특별시 도봉구 덕릉로63가길 43 
완속,상계주공16단지아파트,서울특별시 노원구 동일로227길 86 
완속,상계동양 아파트,서울특별시 노원구 상계동 상계로5길 12
완속,중계현대2차 아파트,서울특별시 노원구 한글비석로 15길 51
완속,방학우성1차 아파트,서울특별시 도봉구 방학동 해등로 286-5
완속,학여울청구 아파트,서울특별시 노원구 하계동 동일로207길 186
급속,대상타운현대아파트,서울특별시 도봉구 마들로 616
완속,중계주공4단지 아파트,서울특별시 노원구 중계동 덕릉로76길 29
완속,롯데우성 아파트,서울특별시 노원구 중계동 노원로22길 34
급속,북한산코오롱하늘채 아파트,서울특별시 도봉구 우이천로 367
급속,중계센트럴파크,서울특별시 노원구 덕릉로70가길 21 
급속,서울가든 아파트,서울특별시 도봉구 도봉동 도봉산길 35
급속,방학극동 아파트,서울특별시 도봉구 시루봉로 11길 25-8
완속,창동주공19단지,서울특별시 도봉구 창동 노해로 403
급속,도봉구청,서울특별시 도봉구 마들로 656 
급속,화랑타운,서울특별시 노원구 공릉동 화랑로51길 17
완속,노원프레미어스엠코,서울특별시 노원구 공릉동 670-20
급속,한일병원,서울특별시 도봉구 쌍문동 388-1
급속,상계주공15단지,서울특별시 노원구 상계동 652
완속,월계동세양청마루 아파트,서울특별시 노원구 월계동 석계로13길 35
완속,상계동아불암아파트,서울특별시 노원구 상계동 덕릉로 780
완속,동아에코빌 아파트,서울특별시 도봉구 도봉동 도봉로180길 6-23
완속,동진신안 아파트,서울특별시 노원구 중계동 중계로 195
완속,방학5단지 신동아 아파트,서울특별시 도봉구 방학동 방학로12길 53
완속,공릉대동2차,서울특별시 노원구 공릉동 동일로195길 39
완속,미주동방벽운 아파트,서울특별시 노원구 상계동 동일로250길 18
완속,공릉대아2차 아파트,서울특별시 노원구 동일로183길 34
급속,도봉서원 아파트,서울특별시 도봉구 마들로 684-20
급속,상계주공16단지아파트,서울특별시 노원구 동일로227길 86 
급속,창동2차현대아파트,서울특별시 도봉구 창동 도봉로136길 111
완속,동신 아파트,서울특별시 노원구 공릉동 공릉로 213
급속,상계동양 아파트,서울특별시 노원구 상계동 상계로5길 12
급속,도봉현대성우 아파트,서울특별시 도봉구 마들로 735-8
완속,중계건영3차아파트,서울특별시 노원구 노원로22길 71 
급속,중계건영3차아파트,서울특별시 노원구 노원로22길 71 
완속,공릉8단지청솔아파트,서울특별시 노원구 공릉동 91
완속,화랑타운,서울특별시 노원구 공릉동 화랑로51길 17
급속,북서울시립미술관,서울특별시 노원구 동일로 1238 
완속,월계청백1단지 아파트,서울특별시 노원구 월계동 초안산로 89
완속,월계우남 아파트,서울특별시 노원구 월계동 화랑로 355
급속,공릉비선아파트,서울특별시 노원구 공릉동 화랑로51길 78
급속,방학4단지신동아,서울특별시 도봉구 방학동 방학로 200
완속,도봉현대성우 아파트,서울특별시 도봉구 마들로 735-8
완속,창동한신 아파트,서울특별시 도봉구 창동 덕릉로60바길 21
완속,쌍문한양6차 아파트,서울특별시 도봉구 시루봉로 58
급속,동아에코빌 아파트,서울특별시 도봉구 도봉동 도봉로180길 6-23
급속,월계청백1단지 아파트,서울특별시 노원구 월계동 초안산로 89
완속,중계우성3차아파트,서울특별시 노원구 중계동 덕릉로 613
완속,노원도봉지사,서울특별시 노원구 노해로 429 
완속,방학명품ESA2단지,서울특별시 도봉구 방학동 도봉로150길 43
완속,대상타운현대아파트,서울특별시 도봉구 마들로 616
완속,수락리버시티3단지,서울특별시 노원구 상계동 누원로 28
완속,방학금광포란재,서울특별시 도봉구 방학동 도봉로150바길 26
완속,쌍문미라보아파트,서울특별시 도봉구 시루봉로2길 62 
완속,공릉동부 아파트,서울특별시 노원구 공릉동 공릉로 206
급속,롯데우성 아파트,서울특별시 노원구 중계동 노원로22길 34
완속,공릉비선아파트,서울특별시 노원구 공릉동 화랑로51길 78
급속,수락리버시티3단지,서울특별시 노원구 상계동 누원로 28
급속,상계동아불암아파트,서울특별시 노원구 상계동 덕릉로 780
완속,서울가든 아파트,서울특별시 도봉구 도봉동 도봉산길 35
급속,학여울청구 아파트,서울특별시 노원구 하계동 동일로207길 186
완속,방학4단지신동아,서울특별시 도봉구 방학동 방학로 200
완속,창동대동 아파트,서울특별시 도봉구 창동 도봉로 642-30
완속,효성하이타운,서울특별시 도봉구 방학동 방학로11길 33
급속,동신 아파트,서울특별시 노원구 공릉동 공릉로 213
완속,대주파크빌 아파트,서울특별시 노원구 공릉동 섬밭로 52
완속,공릉대동 아파트,서울특별시 노원구 공릉동 동일로175길 38
완속,노원우성아파트,서울특별시 노원구 상계동 상계로7길 18
완속,상계신동아 아파트,서울특별시 노원구 상계동 한글비석로52길 66
급속,상계신동아 아파트,서울특별시 노원구 상계동 한글비석로52길 66
급속,쌍문한양6차 아파트,서울특별시 도봉구 시루봉로 58
급속,공릉2단지라이프 아파트,서울특별시 노원구 공릉동 섬밭로 156
완속,북한산코오롱하늘채 아파트,서울특별시 도봉구 우이천로 367
완속,쌍문현대2차 아파트,서울특별시 도봉구 시루봉로 6길53
완속,창동한승미메이드 아파트,서울특별시 도봉구 덕릉로 60길 164-13
완속,창동수산트리플 아파트,서울특별시 도봉구 창동 우이천로20길 6
완속,쌍문염광 아파트,서울특별시 도봉구 쌍문동 우이천로30길 28
급속,창동한승미메이드 아파트,서울특별시 도봉구 덕릉로 60길 164-13
급속,중계삼성 아파트,서울특별시 노원구 중계동 중계로14나길 25
완속,중계삼성 아파트,서울특별시 노원구 중계동 중계로14나길 25
완속,공릉풍림아파트,서울특별시 노원구 공릉동 섬밭로 139
급속,공릉풍림아파트,서울특별시 노원구 공릉동 섬밭로 139
완속,현대그린 아파트,서울특별시 노원구 중계동 중계로8길 39
급속,동진신안 아파트,서울특별시 노원구 중계동 중계로 195
급속,한국원자력의학원,서울특별시 노원구 노원로 75 
급속,방학우성1차 아파트,서울특별시 도봉구 방학동 해등로 286-5
완속,공릉동현대성우 아파트,서울특별시 노원구 공릉동 공릉로27길 110
급속,노원도봉지사,서울특별시 노원구 노해로 429 
급속,도깨비시장 공영주차장,서울특별시 도봉구 방학로10길 51 
급속,방학3동 주민센터,서울특별시 도봉구 시루봉로 94 
급속,창3동 주민센터,서울특별시 도봉구 덕릉로62길 89
급속,홍은1동 제4공영주차장,서울특별시 서대문구 홍은중앙로 125
급속,DMC래미안e편한세상,서울특별시 서대문구 북가좌동 481
급속,서울특별시은평병원 주차장,서울특별시 은평구 백련산로 90
완속,꿈에그린,서울특별시 은평구 진관동 65-31
완속,연희대우 아파트,서울특별시 서대문구 연희동 739
완속,DMC래미안e편한세상,서울특별시 서대문구 북가좌동 481
완속,남가좌삼성 아파트,서울특별시 서대문구 남가좌동 377
완속,DMC센트럴아이파크아파트,서울특별시 서대문구 증가로 150 
급속,연세대학교,서울특별시 서대문구 연세로 50 
급속,응암3동 공영주차장,서울특별시 은평구 불광천길 436 
완속,인왕산한신휴플러스,서울특별시 서대문구 홍제동 통일로 397
완속,은평뉴타운우물골6단지,서울특별시 은평구 진관동 진관2로 57-7
급속,은평평화공원 공영주차장,서울특별시 은평구 녹번동 153-1
완속,돈의문센트레빌 아파트,서울특별시 서대문구 독립문로14길 33
완속,은평스카이뷰자이아파트,서울특별시 은평구 통일로 1034 
급속,남가좌삼성 아파트,서울특별시 서대문구 남가좌동 377
급속,연희동성원아파트,서울특별시 서대문구 연희로32길 48 
급속,서대문은평지사,서울특별시 은평구 통일로 659
급속,서부수도사업소,서울특별시 서대문구 통일로26길 41 
완속,서대문은평지사,서울특별시 은평구 통일로 659
급속,DMC아이파크 아파트,서울특별시 서대문구 북가좌동 거북골로14길 32
급속,은평뉴타운우물골6단지,서울특별시 은평구 진관동 진관2로 57-7
완속,한국프라우드아파트,서울특별시 은평구 연서로 78 
급속,돈의문센트레빌 아파트,서울특별시 서대문구 독립문로14길 33
완속,무악청구2차 아파트,서울특별시 서대문구 홍제동 통일로 344
급속,연세세브란스 에비슨의생명 연구센터,서울특별시 서대문구 연세로 50-1 
급속,연희동 홍연2교 옆 노상주차장,서울특별시 서대문구 연희동 736
급속,상암월드컵경기장,서울특별시 마포구 월드컵로 243-48 
완속,마포래미안푸르지오 4단지,서울특별시 마포구 아현동 마포대로 195
완속,래미안첼리투스,서울특별시 용산구 이촌동 이촌로 300
급속,마포중앙도서관,서울특별시 마포구 성산로 128 
급속,용산전자상가1 공영주차장,서울특별시 용산구 한강로3가 12
완속,상암월드컵파크3단지,서울특별시 마포구 상암동 월드컵로 338
완속,브라운스톤공덕 아파트,서울특별시 마포구 신공덕동 백범로 230
완속,성지(주상복합) 아파트,서울특별시 마포구 도화동 큰우물로 75
완속,대우월드마크용산,서울특별시 용산구 한강대로 211 
급속,LG한강자이 아파트,서울특별시 용산구 이촌동 이촌로64길 15
완속,마포래미안푸르지오 2단지,서울특별시 마포구 아현동 마포대로 195
완속,용산아크로타워,서울특별시 용산구 문배동 백범로90길 26
완속,용산파크자이아파트,서울특별시 용산구 한강대로 205 
완속,동아그린 아파트,서울특별시 용산구 이촌로 100-8
완속,마포래미안푸르지오 1단지,서울특별시 마포구 아현동 마포대로 195
완속,이안용산프리미어,서울특별시 용산구 문배동 청파로 213
완속,메세나폴리스 아파트,서울특별시 마포구 양화로 45
완속,리첸시아용산B블록,서울특별시 용산구 원효로1가 백범로 341
완속,신촌포스빌,서울특별시 마포구 신촌로 150 
완속,공덕아이파크아파트,서울특별시 마포구 만리재로 36 
완속,용산역 아이파크몰,서울특별시 용산구 한강대로23길 55 
급속,용산역 아이파크몰,서울특별시 용산구 한강대로23길 55 
완속,LG한강자이 아파트,서울특별시 용산구 이촌동 이촌로64길 15
완속,공덕파크자이1단지,서울특별시 마포구 공덕동 백범로 152
완속,파크타워 아파트,서울특별시 용산구 용산동5가 서빙고로 67
완속,마포래미안푸르지오 3단지,서울특별시 마포구 아현동 마포대로 195
완속,용산더프라임,서울특별시 용산구 원효로1가 원효로90길 11
급속,래미안첼리투스,서울특별시 용산구 이촌동 이촌로 300
완속,롯데캐슬프레지던트,서울특별시 마포구 공덕동 마포대로 109
완속,래미안마포리버웰,서울특별시 마포구 용강동 토정로31길 23
급속,한국타이어 한남점,서울특별시 용산구 한남대로 80
완속,마포한강2차 푸르지오아파트,서울특별시 마포구 월드컵로3길 14 
급속,마포용산지사,서울특별시 마포구 토정로37길 38
완속,청암자이 아파트,서울특별시 용산구 삼개로 60 
완속,마포한강푸르지오1차,서울특별시 마포구 월드컵로1길 14 
완속,마포도화우성아파트,서울특별시 마포구 도화동 삼개로 38
완속,한강대우,서울특별시 용산구 이촌동 이촌로 181
완속,e편한세상마포리버파크,서울특별시 마포구 용강동 토정로31길 24
급속,래미안밤섬리베뉴1 아파트,서울특별시 마포구 상수동 독막로20나길 22
급속,한강대우,서울특별시 용산구 이촌동 이촌로 181
완속,공덕파크자이2단지,서울특별시 마포구 공덕동 백범로 152
완속,래미안밤섬리베뉴1 아파트,서울특별시 마포구 상수동 독막로20나길 22
완속,상암월드컵경기장,서울특별시 마포구 월드컵로 243-48 
완속,한남동현대하이페리온,서울특별시 용산구 한남동 서빙고로 413
급속,동아그린 아파트,서울특별시 용산구 이촌로 100-8
급속,상암월드컵파크3단지,서울특별시 마포구 상암동 월드컵로 338
급속,전쟁기념관,서울특별시 용산구 이태원로 29
급속,용산시티파크1단지,서울특별시 용산구 한강로3가 서빙고로 35
급속,마포래미안푸르지오 3단지,서울특별시 마포구 아현동 마포대로 195
급속,마포래미안푸르지오 1단지,서울특별시 마포구 아현동 마포대로 195
완속,한강삼성 아파트,서울특별시 마포구 토정동 토정로32길 11
급속,메세나폴리스 아파트,서울특별시 마포구 양화로 45
완속,래미안밤섬리베뉴2,서울특별시 마포구 상수동 독막로20나길 21
급속,파크타워 아파트,서울특별시 용산구 용산동5가 서빙고로 67
급속,마포래미안푸르지오 4단지,서울특별시 마포구 아현동 마포대로 195
완속,마포용산지사,서울특별시 마포구 토정로37길 38
급속,래미안밤섬리베뉴2,서울특별시 마포구 상수동 독막로20나길 21
급속,창전삼성 아파트,서울특별시 마포구 창전동 서강로 95
완속,용산이안 아파트,서울특별시 용산구 문배동 백범로90길 74
급속,신촌포스빌,서울특별시 마포구 신촌로 150 
급속,청암자이 아파트,서울특별시 용산구 삼개로 60 
급속,마포래미안푸르지오 2단지,서울특별시 마포구 아현동 마포대로 195
완속,마포트라팰리스2차,서울특별시 마포구 마포대로 201
급속,마포자이2차아파트,서울특별시 마포구 서강대길 40 
급속,리첸시아 아파트,서울특별시 용산구 백범로 341
완속,마포대림1차 아파트,서울특별시 마포구 용강동 마포대로1길 21
급속,국립 중앙 박물관,서울특별시 용산구 서빙고로 137
완속,신공덕3삼성래미안,서울특별시 마포구 신공덕동 만리재로 60
급속,래미안마포리버웰,서울특별시 마포구 용강동 토정로31길 23
급속,e편한세상마포리버파크,서울특별시 마포구 용강동 토정로31길 24
급속,한강삼성 아파트,서울특별시 마포구 토정동 토정로32길 11
급속,쌍용황금,서울특별시 마포구 마포동 마포대로 6
급속,용산더프라임,서울특별시 용산구 원효로1가 원효로90길 11
급속,이안용산프리미어,서울특별시 용산구 문배동 청파로 213
완속,프라임팰리스,서울특별시 용산구 문배동 백범로90길 38
완속,용산한신 아파트,서울특별시 용산구 용산동2가 녹사평대로 245
완속,대명 아파트,서울특별시 마포구 연남동 동교로39길 11
급속,마포도화우성아파트,서울특별시 마포구 도화동 삼개로 38
완속,중부전력지사,서울특별시 마포구 토정로 56 
급속,서울서부지방검찰청,서울특별시 마포구 마포대로 174 
급속,서울신용보증재단,서울특별시 마포구 마포대로 163 
급속,남산케이블카,서울특별시 중구 소파로 83 
완속,광화문스페이스본 아파트,서울특별시 종로구 사직동 사직로8길 4
급속,서울직할,서울특별시 중구 남대문로 92
완속,덕수궁 롯데캐슬,서울특별시 중구 순화동 서소문로9길 28
완속,무악현대 아파트,서울특별시 종로구 무악동 통일로 246-20
급속,국립현대미술관 서울관,서울특별시 종로구 삼청로 30
급속,석탄회관,서울특별시 종로구 종로5길 58
급속,남산롯데캐슬아이리스 아파트,서울특별시 중구 소공로 35
완속,동성빌라,서울특별시 종로구 구기동 비봉2길 32
완속,쌍용남산플래티넘 아파트,서울특별시 중구 소공로 46
급속,서울시청,서울특별시 중구 세종대로 110 
완속,효성주얼리시티,서울특별시 종로구 인의동 종로 183
완속,LIG서울역리가아파트,서울특별시 중구 만리동1가 231
완속,남산타운 아파트,서울특별시 중구 다산로 32 1동
급속,신세계 본점,서울특별시 중구 소공로 63 
완속,명륜아남1차 아파트,서울특별시 종로구 명륜2가 창경궁로 265
완속,롯데캐슬베네치아,서울특별시 중구 황학동 청계천로 400
급속,명륜아남1차 아파트,서울특별시 종로구 명륜2가 창경궁로 265
급속,창신쌍용2단지 아파트,서울특별시 종로구 창신동 낙산길 198
급속,한국관광공사 옆 노상 공영주차장,서울특별시 중구 다동 85-4
급속,종로센트레빌,서울특별시 종로구 숭인동 동망산길 47
완속,남산센트럴자이,서울특별시 중구 충무로4가 퇴계로 235
완속,창신쌍용2단지 아파트,서울특별시 종로구 창신동 낙산길 198
급속,쌍용남산플래티넘 아파트,서울특별시 중구 소공로 46
완속,서울직할,서울특별시 중구 남대문로 92
급속,남산타운 아파트,서울특별시 중구 다산로 32 1동
완속,인왕산2차아이파크,서울특별시 종로구 무악동 통일로 246-20
급속,롯데캐슬베네치아,서울특별시 중구 황학동 청계천로 400
급속,동대문디자인플라자,서울특별시 중구 을지로 281
급속,무악현대 아파트,서울특별시 종로구 무악동 통일로 246-20
급속,창신두산 아파트,서울특별시 종로구 창신동 지봉로5길 7
완속,창신이수 아파트,서울특별시 종로구 창신동 지봉로 87
완속,창신두산 아파트,서울특별시 종로구 창신동 지봉로5길 7
완속,롯데캐슬천지인,서울특별시 종로구 숭인동 종로 347
급속,광화문스페이스본 아파트,서울특별시 종로구 사직동 사직로8길 4
완속,경희궁의아침3단지 아파트,서울특별시 종로구 내수동 사직로8길 34
급속,국립중앙극장,서울특별시 중구 장충단로 59 
급속,전국은행연합회,서울특별시 중구 명동11길 19 
급속,묵정공원 공영주차장,서울특별시 중구 퇴계로45길 32-12 
급속,약수동공영주차장,서울특별시 중구 동호로8다길 22 
급속,SK렌터카 본사,서울특별시 종로구 삼일대로19길 5 
완속,SK렌터카 본사,서울특별시 종로구 삼일대로19길 5 
급속,서울역(한화역사),서울특별시 중구 한강대로 405 
완속,강북성북지사(공용),서울특별시 강북구 강북구 도봉로 242
완속,정릉e편한세상 아파트,서울특별시 성북구 정릉동 솔샘로24길 15
완속,정릉풍림아이원,서울특별시 성북구 솔샘로25길 28
완속,고려대학교(자연과학),서울특별시 성북구 안암로 145
완속,돈암현대,서울특별시 성북구 정릉로 404
급속,석관두산 아파트,서울특별시 성북구 석관동 화랑로48길 16
완속,동일하이빌뉴시티 아파트,서울특별시 성북구 하월곡동 종암로 167
완속,래미안아트리지,서울특별시 성북구 돌곶이로8길 22 
급속,강북성북지사(공용),서울특별시 강북구 강북구 도봉로 242
완속,삼선푸르지오 아파트,서울특별시 성북구 보문로29다길 31 
완속,정릉2차 e편한세상 아파트,서울특별시 성북구 정릉동 북악산로 851
급속,고려대학교,서울특별시 성북구 안암로 145
완속,성북동아에코빌아파트,서울특별시 성북구 장월로1길 28
급속,정릉풍림아이원,서울특별시 성북구 솔샘로25길 28 
완속,삼선힐스테이트,서울특별시 성북구 삼선동2가 낙산길 243-15
완속,래미안미아1차 아파트,서울특별시 강북구 미아동 삼양로 256
완속,삼선 SK뷰 아파트,서울특별시 성북구 삼선교로16길 35 
완속,브라운스톤돈암아파트,서울특별시 성북구 북악산로 844
완속,꿈의숲대명루첸 아파트,서울특별시 성북구 장위동 월계로36길 27
급속,국민대학교,서울특별시 성북구 정릉동 861-1
급속,고려대학교(자연과학),서울특별시 성북구 안암로 145
급속,꿈의숲대명루첸 아파트,서울특별시 성북구 장위동 월계로36길 27
완속,금호어울림 센터힐 아파트,서울특별시 성북구 돈암동 동소문로34길 73
급속,브라운스톤돈암아파트,서울특별시 성북구 북악산로 844
급속,미아동부센트레빌,서울특별시 강북구 미아동 숭인로7가길 37
완속,대림 샹그레빌,서울특별시 성북구 회기로5길 100 
급속,금호어울림 센터힐 아파트,서울특별시 성북구 돈암동 동소문로34길 73
급속,종암삼성래미안,서울특별시 성북구 종암로25길 30 
완속,강북성북지사,서울특별시 강북구 도봉로 242
완속,미아동부센트레빌,서울특별시 강북구 미아동 숭인로7가길 37
급속,정릉e편한세상 아파트,서울특별시 성북구 정릉동 솔샘로24길 15
급속,해모로아파트,서울특별시 강북구 오현로 156 
완속,효성네오인텔리안,서울특별시 강북구 도봉로 352
급속,래미안미아1차 아파트,서울특별시 강북구 미아동 삼양로 256
급속,돈암일신건영휴먼빌 아파트,서울특별시 성북구 돈암동 아리랑로 89
급속,정릉2차 e편한세상 아파트,서울특별시 성북구 정릉동 북악산로 851
완속,미아한일유앤아이APT,서울특별시 강북구 월계로21가길 41
급속,동일하이빌뉴시티 아파트,서울특별시 성북구 하월곡동 종암로 167
급속,성북동아에코빌아파트,서울특별시 성북구 장월로1길 28
급속,한신휴아파트,서울특별시 성북구 동소문동7가 동소문로15길 99
급속,삼선푸르지오 아파트,서울특별시 성북구 보문로29다길 31 
완속,보문하우스토리,서울특별시 성북구 보문동4가 인촌로2길 37
급속,삼선 SK뷰 아파트,서울특별시 성북구 삼선교로16길 35 
급속,대림 샹그레빌,서울특별시 성북구 회기로5길 100 
급속,길음래미안3차,서울특별시 성북구 길음로 16
급속,돈암더샵아파트,서울특별시 성북구 아리랑로5길 85
완속,돈암일신건영휴먼빌 아파트,서울특별시 성북구 돈암동 아리랑로 89
급속,북서울꿈의숲,서울특별시 강북구 월계로 173 
급속,현대백화점 미아점,서울특별시 성북구 동소문로 315 
급속,강북문화예술회관,서울특별시 강북구 삼각산로 85 
급속,서울전력관리처,서울특별시 중구 퇴계로 140
완속,서울전력관리처,서울특별시 중구 퇴계로 140
